instance,res.csv:runtime,res.csv:result,res.csv:quality,res.csv:cutoff,res.csv:seed
./SAT02/industrial/aloul/Bart/bart17.shuffled.cnf,0.009997,SAT,0.009997,5000.0,6999467842776456081
./SAT02/industrial/aloul/Homer/homer14.shuffled.cnf,353.562,UNSAT,274.602,5000.0,8444902563667339995
./SAT02/industrial/aloul/Homer/homer16.shuffled.cnf,1005.707,UNSAT,968.957,5000.0,6999467842776456081
./SAT02/industrial/aloul/Homer/homer17.shuffled.cnf,1148.36,UNSAT,1083.56,5000.0,-6235188118690369795
./SAT02/industrial/biere/dinphil/dp04s04.shuffled.cnf,0.008997,SAT,0.008997,5000.0,-572881565858489106
./SAT02/industrial/biere/dinphil/dp04u03.shuffled.cnf,0.012997,UNSAT,0.012997,5000.0,6895995071321722072
./SAT02/industrial/biere/dinphil/dp10s10.shuffled.cnf,0.117981,SAT,0.117981,5000.0,219620134796832001
./SAT02/industrial/dellacherie/comb/comb1.shuffled.cnf,5000.08,TIMEOUT,-1.0,5000.0,608562913121772407
./SAT02/industrial/goldberg/fpga_routing/vda_gr_rcs_w9.shuffled.cnf,0.352945,SAT,0.352945,5000.0,-572881565858489106
./SAT02/industrial/goldberg/rand_net/rand_net60-25-10.shuffled.cnf,1.04884,UNSAT,1.04884,5000.0,-2129942261955218235
./SAT02/industrial/goldberg/rand_net/rand_net60-30-1.shuffled.cnf,0.132979,UNSAT,0.132979,5000.0,4458074740849669383
./SAT02/industrial/goldberg/rand_net/rand_net60-40-10.shuffled.cnf,46.9029,UNSAT,46.9029,5000.0,-5256861410025430760
./SAT02/industrial/goldberg/rand_net/rand_net70-60-10.shuffled.cnf,67.557995,UNSAT,0.027995,5000.0,-5256861410025430760
./SAT02/industrial/nam/fpga-routing/k2fix_gr_rcs_w8.shuffled.cnf,5001.56,TIMEOUT,-1.0,5000.0,-572881565858489106
./SAT02/industrial/nam/fpga-routing/k2fix_gr_rcs_w9.shuffled.cnf,560.6170000000001,UNSAT,410.857,5000.0,-5256861410025430760
./SAT03/industrial/goldberg/hard_eq_check/c6288mul.miter.shuffled-as.sat03-346.cnf,405.746,UNSAT,294.396,5000.0,-3383464650046691410
./SAT03/industrial/goldberg/hard_eq_check/k2mul.miter.shuffled-as.sat03-355.cnf,1262.3300000000002,UNSAT,1132.9,5000.0,-5226192492700931734
./SAT03/industrial/goldberg/hard_eq_check/x1mul.miter.shuffled-as.sat03-359.cnf,1549.91,UNSAT,1407.63,5000.0,-7933386076510670319
./SAT03/industrial/kukula/addm_bench/am_7_7.shuffled-as.sat03-363.cnf,5000.04,TIMEOUT,-1.0,5000.0,-5256861410025430760
./SAT03/industrial/li/li-exam/li-exam-61.shuffled-as.sat03-366.cnf,5000.72,TIMEOUT,-1.0,5000.0,-2129942261955218235
./SAT03/industrial/li/li-test4/li-test4-100.shuffled-as.sat03-370.cnf,5000.75,TIMEOUT,-1.0,5000.0,-7919635765974616107
./SAT03/industrial/maris/CNF/gripper13u.shuffled-as.sat03-395.cnf,5000.1,TIMEOUT,-1.0,5000.0,-5256861410025430760
./SAT03/industrial/schuppan/l2s/bc57-sensors-1-k303-unsat.shuffled-as.sat03-406.cnf,1197.893,UNSAT,971.123,5000.0,-2129942261955218235
./SAT03/industrial/schuppan/l2s/dme-03-1-k247-unsat.shuffled-as.sat03-407.cnf,5008.46,TIMEOUT,-1.0,5000.0,-3383464650046691410
./SAT03/industrial/schuppan/l2s/valves-gates-1-k617-unsat.shuffled-as.sat03-412.cnf,2244.23,UNSAT,1816.85,5000.0,4194590090307200765
./SAT03/industrial/simon/sat02/6pipe_6_ooo.shuffled-as.sat03-413.cnf,429.907,UNSAT,117.627,5000.0,2320942285139127639
./SAT04/industrial/hoonsang/vis-bmc/all.used-as.sat04-986.cnf,20.3859,UNSAT,20.3859,5000.0,6636215419512632035
./SAT04/industrial/hoonsang/vis-bmc/dekker.used-as.sat04-989.cnf,8.03378,UNSAT,8.03378,5000.0,2592572846120767330
./SAT04/industrial/vangelder/cnf-color/abb313GPIA-9-c.used-as.sat04-317.cnf,5002.04,TIMEOUT,-1.0,5000.0,2592572846120767330
./SAT04/industrial/vangelder/cnf-color/abb313GPIA-9-tr.used-as.sat04-321.cnf,1.81772,SAT,1.81772,5000.0,-7933386076510670319
./SAT04/industrial/vangelder/cnf-color/myciel6-tr.used-as.sat04-320.cnf,4044.41,UNSAT,4021.42,5000.0,-5256861410025430760
./SAT04/industrial/velev/pipe-sat-1-1/12pipe_bug4_q0.used-as.sat04-723.cnf,80.93,SAT,52.93,5000.0,-3689149885874063917
./SAT04/industrial/velev/pipe-sat-1-1/12pipe_bug6_q0.used-as.sat04-725.cnf,242.94750000000002,SAT,16.5875,5000.0,2786924714692239287
./SAT04/industrial/velev/vliw_unsat_2.0/9dlx_vliw_at_b_iq6.used-as.sat04-347.cnf,1103.108,UNSAT,720.348,5000.0,-7968943266229492174
./SAT04/industrial/velev/vliw_unsat_2.0/9dlx_vliw_at_b_iq8.used-as.sat04-718.cnf,2376.89,UNSAT,1691.58,5000.0,-6528621403689204227
./SAT04/industrial/velev/vliw_unsat_2.0/9dlx_vliw_at_b_iq9.used-as.sat04-719.cnf,3797.74,UNSAT,2648.1,5000.0,6999467842776456081
./SAT05/industrial/grieu05/vmpc/vmpc_25.renamed-as.sat05-1913.cnf,4.33534,SAT,4.33534,5000.0,6895995071321722072
./SAT05/industrial/grieu05/vmpc/vmpc_29.renamed-as.sat05-1916.cnf,355.70500000000004,SAT,269.065,5000.0,6999467842776456081
./SAT05/industrial/grieu05/vmpc/vmpc_32.renamed-as.sat05-1919.cnf,5000.2300000000005,TIMEOUT,-1.0,5000.0,4458074740849669383
./SAT05/industrial/grieu05/vmpc/vmpc_34.renamed-as.sat05-1926.cnf,5000.3,TIMEOUT,-1.0,5000.0,2592572846120767330
./SAT05/industrial/grieu05/vmpc/vmpc_35.renamed-as.sat05-1921.cnf,3763.02,SAT,3632.3,5000.0,-572881565858489106
./SAT05/industrial/grieu05/vmpc/vmpc_36.renamed-as.sat05-1922.cnf,2868.54,SAT,2766.08,5000.0,4194590090307200765
./SAT05/industrial/maris05/DriverLog/driverlog1_ks99i.renamed-as.sat05-3951.cnf,0.006998,SAT,0.006998,5000.0,8444902563667339995
./SAT05/industrial/maris05/DriverLog/driverlog3_v01a.renamed-as.sat05-3963.cnf,0.003998,SAT,0.003998,5000.0,6636215419512632035
./SAT05/industrial/maris05/Ferry/ferry5_ks99i.renamed-as.sat05-3994.cnf,0.037993,SAT,0.037993,5000.0,-7919635765974616107
./SAT05/industrial/maris05/Rovers/rovers1_ks99i.renamed-as.sat05-3971.cnf,0.018996,SAT,0.018996,5000.0,7416404520296027065
./SAT05/industrial/narain05/vpn/clauses-8.renamed-as.sat05-1964.cnf,1986.6710000000003,SAT,624.111,5000.0,-3689149885874063917
./SAT07/industrial/IBM_FV_2002_13_rule_1/SAT_dat.k100.cnf,5000.83,TIMEOUT,-1.0,5000.0,608562913121772407
./SAT07/industrial/IBM_FV_2002_13_rule_1/SAT_dat.k20.cnf,468.87600000000003,UNSAT,309.206,5000.0,-3383464650046691410
./SAT07/industrial/IBM_FV_2002_13_rule_1/SAT_dat.k45.cnf,423.63,UNSAT,263.83,5000.0,-572881565858489106
./SAT07/industrial/IBM_FV_2002_13_rule_1/SAT_dat.k80.cnf,5000.7699999999995,TIMEOUT,-1.0,5000.0,-7919635765974616107
./SAT07/industrial/IBM_FV_2004_30/IBM_FV_2004_rule_batch_30_SAT_dat.k55.cnf,282.20500000000004,SAT,125.375,5000.0,6895995071321722072
./SAT07/industrial/IBM_FV_2004_30/IBM_FV_2004_rule_batch_30_SAT_dat.k80.cnf,352.948,SAT,183.408,5000.0,6999467842776456081
./SAT07/industrial/anbulagan/hard-sat/partial-10-13-s.cnf,351.28499999999997,SAT,201.285,5000.0,-7968943266229492174
./SAT07/industrial/anbulagan/hard-sat/partial-10-15-s.cnf,341.72200000000004,SAT,178.002,5000.0,-5256861410025430760
./SAT07/industrial/anbulagan/hard-sat/partial-10-17-s.cnf,275.76800000000003,SAT,79.238,5000.0,6895995071321722072
./SAT07/industrial/anbulagan/hard-unsat/dated-10-17-u.cnf,4605.17,UNSAT,4496.9,5000.0,-3383464650046691410
./SAT07/industrial/anbulagan/hard-unsat/dated-5-13-u.cnf,2856.05,UNSAT,2753.5,5000.0,-572881565858489106
./SAT07/industrial/anbulagan/hard-unsat/partial-5-11-u.cnf,5003.55,TIMEOUT,-1.0,5000.0,-7645665351729447987
./SAT07/industrial/anbulagan/hard-unsat/total-10-17-u.cnf,5006.38,TIMEOUT,-1.0,5000.0,4458074740849669383
./SAT07/industrial/anbulagan/medium-unsat/dated-5-11-u.cnf,55.5907,UNSAT,41.5907,5000.0,2592572846120767330
./SAT07/industrial/babic/dspam/dspam_dump_vc949.cnf,0.45393,UNSAT,0.45393,5000.0,-7933386076510670319
./SAT07/industrial/babic/hsatv17/hsat_vc12062.cnf,3.33849,UNSAT,3.33849,5000.0,-6528621403689204227
./SAT07/industrial/crypto/mizh-sha0-36-2.cnf,325.738,SAT,220.708,5000.0,2320942285139127639
./SAT07/industrial/fuhs/hard/AProVE07-01.cnf,5000.13,TIMEOUT,-1.0,5000.0,4458074740849669383
./SAT07/industrial/fuhs/hard/AProVE07-03.cnf,885.7099999999999,UNSAT,847.78,5000.0,6910541927327031790
./SAT07/industrial/fuhs/medium/AProVE07-21.cnf,281.655,UNSAT,216.215,5000.0,4194590090307200765
./SAT07/industrial/jarvisalo/eq.atree.braun.11.unsat.cnf,679.946,UNSAT,642.926,5000.0,6895995071321722072
./SAT07/industrial/jarvisalo/eq.atree.braun.12.unsat.cnf,5000.02,TIMEOUT,-1.0,5000.0,2320942285139127639
./SAT07/industrial/manolios/manol-pipe-f7idw.cnf,22.8865,UNSAT,22.8865,5000.0,-1356525691587036262
./SAT07/industrial/palacios/hard/sortnet-7-ipc5-h15-unsat.cnf,5002.89,TIMEOUT,-1.0,5000.0,8203728924191905834
./SAT07/industrial/palacios/hard/sortnet-8-ipc5-h19-sat.cnf,5013.28,TIMEOUT,-1.0,5000.0,6910541927327031790
./SAT07/industrial/palacios/medium/blocks-4-ipc5-h21-unknown.cnf,13.482,UNSAT,13.482,5000.0,-7919635765974616107
./SAT07/industrial/palacios/medium/cube-11-h14-sat.cnf,632.908,SAT,433.678,5000.0,-1356525691587036262
./SAT07/industrial/vliw_sat_4.0/9vliw_m_9stages_iq3_C1_bug5.cnf,1659.5953000000002,SAT,11.1853,5000.0,6999467842776456081
./SAT07/industrial/vliw_sat_4.0/9vliw_m_9stages_iq3_C1_bug6.cnf,1629.3008,SAT,14.5208,5000.0,6910541927327031790
./SAT07/industrial/vliw_unsat_2.0/9dlx_vliw_at_b_iq7.cnf,1735.23,UNSAT,1105.32,5000.0,6895995071321722072
./SAT09/APPLICATIONS/bioinfo/q_query_3_L150_coli.sat.cnf,342.26919999999996,UNSAT,97.6092,5000.0,-7968943266229492174
./SAT09/APPLICATIONS/bioinfo/q_query_3_L70_coli.sat.cnf,47.9348,SAT,33.9348,5000.0,-1356525691587036262
./SAT09/APPLICATIONS/bioinfo/q_query_3_l46_lambda.cnf,235.471,UNSAT,133.931,5000.0,-7968943266229492174
./SAT09/APPLICATIONS/bitverif/countbitsarray/countbitsarray04_32.cnf,5000.129999999999,TIMEOUT,-1.0,5000.0,9196978333973276934
./SAT09/APPLICATIONS/bitverif/countbitsrotate/countbitsrotate032.cnf,5000.099999999999,TIMEOUT,-1.0,5000.0,-7919635765974616107
./SAT09/APPLICATIONS/bitverif/countbitssrl/countbitssrl064.cnf,5001.42,TIMEOUT,-1.0,5000.0,-2129942261955218235
./SAT09/APPLICATIONS/bitverif/countbitswegner/countbitswegner128.cnf,5002.72,TIMEOUT,-1.0,5000.0,5054758198659633498
./SAT09/APPLICATIONS/bitverif/maxor/maxor128.cnf,2455.1,UNSAT,2293.16,5000.0,8444902563667339995
./SAT09/APPLICATIONS/bitverif/maxxor/maxxor032.cnf,162.44760000000002,UNSAT,87.9876,5000.0,-2129942261955218235
./SAT09/APPLICATIONS/bitverif/maxxor/maxxor064.cnf,5000.98,TIMEOUT,-1.0,5000.0,9196978333973276934
./SAT09/APPLICATIONS/bitverif/maxxor/maxxor128.cnf,5005.54,TIMEOUT,-1.0,5000.0,-3689149885874063917
./SAT09/APPLICATIONS/bitverif/maxxororand/maxxororand064.cnf,5002.110000000001,TIMEOUT,-1.0,5000.0,6895995071321722072
./SAT09/APPLICATIONS/bitverif/minandmaxor/minandmaxor016.cnf,0.207967,UNSAT,0.207967,5000.0,-3689149885874063917
./SAT09/APPLICATIONS/bitverif/minandmaxor/minandmaxor128.cnf,5008.5,TIMEOUT,-1.0,5000.0,6910541927327031790
./SAT09/APPLICATIONS/bitverif/minxorminand/minxorminand128.cnf,5009.49,TIMEOUT,-1.0,5000.0,8203728924191905834
./SAT09/APPLICATIONS/bitverif/mulhs/mulhs016.cnf,5000.05,TIMEOUT,-1.0,5000.0,2320942285139127639
./SAT09/APPLICATIONS/bitverif/smulo/smulo064.cnf,5000.66,TIMEOUT,-1.0,5000.0,6636215419512632035
./SAT09/APPLICATIONS/c32sat/post-c32s-gcdm16-23.cnf,135.6399,UNSAT,33.3999,5000.0,9196978333973276934
./SAT09/APPLICATIONS/c32sat/post-cbmc-zfcp-2.8-u2-noholes.cnf,165.64399999999998,SAT,137.384,5000.0,-5226192492700931734
./SAT09/APPLICATIONS/crypto/desgen/gss-14-s100.cnf,19.0951,SAT,19.0951,5000.0,-1356525691587036262
./SAT09/APPLICATIONS/crypto/desgen/gss-16-s100.cnf,47.5118,SAT,47.5118,5000.0,2320942285139127639
./SAT09/APPLICATIONS/crypto/desgen/gss-19-s100.cnf,97.1132,SAT,51.4632,5000.0,-572881565858489106
./SAT09/APPLICATIONS/crypto/desgen/gss-21-s100.cnf,74.24849999999999,SAT,42.5085,5000.0,4194590090307200765
./SAT09/APPLICATIONS/crypto/desgen/gss-22-s100.cnf,2659.4100000000003,SAT,2557.55,5000.0,6999467842776456081
./SAT09/APPLICATIONS/crypto/desgen/gss-27-s100.cnf,5000.84,TIMEOUT,-1.0,5000.0,-572881565858489106
./SAT09/APPLICATIONS/crypto/md5gen/gus-md5-11.cnf,5000.950000000001,TIMEOUT,-1.0,5000.0,2320942285139127639
./SAT09/APPLICATIONS/crypto/md5gen/gus-md5-12.cnf,5000.9400000000005,TIMEOUT,-1.0,5000.0,-572881565858489106
./SAT09/APPLICATIONS/diagnosis/ACG-10-10p0.cnf,123.0082,UNSAT,38.0582,5000.0,8444902563667339995
./SAT09/APPLICATIONS/diagnosis/ACG-15-5p1.cnf,187.7744,SAT,63.0044,5000.0,8203728924191905834
./SAT09/APPLICATIONS/diagnosis/UCG-15-10p0.cnf,505.28400000000005,UNSAT,361.994,5000.0,2786924714692239287
./SAT09/APPLICATIONS/diagnosis/UCG-15-10p1.cnf,557.056,SAT,411.806,5000.0,-6528621403689204227
./SAT09/APPLICATIONS/diagnosis/UCG-15-5p0.cnf,60.9139,UNSAT,46.9139,5000.0,-7968943266229492174
./SAT09/APPLICATIONS/diagnosis/UCG-20-5p1.cnf,301.891,SAT,109.921,5000.0,7416404520296027065
./SAT09/APPLICATIONS/diagnosis/UR-10-10p1.cnf,184.6904,SAT,63.3404,5000.0,-1356525691587036262
./SAT09/APPLICATIONS/diagnosis/UR-20-10p0.cnf,4046.28,UNSAT,3856.36,5000.0,-6235188118690369795
./SAT09/APPLICATIONS/diagnosis/UR-20-10p1.cnf,2692.91,SAT,2464.24,5000.0,2786924714692239287
./SAT09/APPLICATIONS/diagnosis/UTI-10-5t1.cnf,1.24181,SAT,1.24181,5000.0,8444902563667339995
./SAT09/APPLICATIONS/diagnosis/UTI-20-10p0.cnf,530.6129999999999,UNSAT,335.143,5000.0,-6528621403689204227
./SAT09/APPLICATIONS/diagnosis/UTI-20-10p1.cnf,836.7520000000001,SAT,608.162,5000.0,9196978333973276934
./SAT09/APPLICATIONS/diagnosis/UTI-20-10t0.cnf,4.70828,UNSAT,4.70828,5000.0,608562913121772407
./SAT09/APPLICATIONS/diagnosis/UTI-20-10t1.cnf,3.74043,SAT,3.74043,5000.0,7416404520296027065
./SAT09/APPLICATIONS/satComp09_BioInstances/ndhf_xits_19_UNKNOWN.cnf,5005.24,TIMEOUT,-1.0,5000.0,8203728924191905834
./SAT09/APPLICATIONS/satComp09_BioInstances/rbcl_xits_08_UNSAT.cnf,1602.61,UNSAT,1510.87,5000.0,219620134796832001
./SAT09/APPLICATIONS/satComp09_BioInstances/rbcl_xits_09_UNKNOWN.cnf,5000.48,TIMEOUT,-1.0,5000.0,7416404520296027065
./SAT09/APPLICATIONS/satComp09_BioInstances/rbcl_xits_15_SAT.cnf,0.836871,SAT,0.836871,5000.0,9196978333973276934
./SAT09/APPLICATIONS/satComp09_BioInstances/rbcl_xits_18_SAT.cnf,4.99624,SAT,4.99624,5000.0,2592572846120767330
./SAT09/APPLICATIONS/satComp09_BioInstances/rpoc_xits_09_UNSAT.cnf,5000.65,TIMEOUT,-1.0,5000.0,-7919635765974616107
./SAT11/application/fuhs/AProVE11/AProVE11-02.cnf,2.22566,SAT,2.22566,5000.0,-2129942261955218235
./SAT11/application/fuhs/AProVE11/AProVE11-06.cnf,3349.0,UNSAT,3173.19,5000.0,8203728924191905834
./SAT11/application/fuhs/AProVE11/AProVE11-07.cnf,5.00724,SAT,5.00724,5000.0,4194590090307200765
./SAT11/application/fuhs/AProVE11/AProVE11-09.cnf,1.04584,SAT,1.04584,5000.0,-4027775615721584543
./SAT11/application/fuhs/AProVE11/AProVE11-10.cnf,5.50016,SAT,5.50016,5000.0,-3383464650046691410
./SAT11/application/fuhs/AProVE11/AProVE11-11.cnf,12.7611,UNSAT,12.7611,5000.0,2786924714692239287
./SAT11/application/fuhs/AProVE11/AProVE11-12.cnf,0.655899,SAT,0.655899,5000.0,-6235188118690369795
./SAT11/application/fuhs/AProVE11/AProVE11-13.cnf,11.2273,SAT,11.2273,5000.0,6636215419512632035
./SAT11/application/fuhs/AProVE11/AProVE11-15.cnf,16.13967,SAT,2.13967,5000.0,7416404520296027065
./SAT11/application/fuhs/AProVE11/AProVE11-16.cnf,0.821874,SAT,0.821874,5000.0,5054758198659633498
./SAT11/application/fuhs/slp-synthesis-AES/slp-synthesis-aes-bottom12.cnf,148.63691,UNSAT,7.18691,5000.0,-6528621403689204227
./SAT11/application/fuhs/slp-synthesis-AES/slp-synthesis-aes-bottom13.cnf,207.27870000000001,UNSAT,93.9187,5000.0,-572881565858489106
./SAT11/application/fuhs/slp-synthesis-AES/slp-synthesis-aes-bottom14.cnf,904.33,UNSAT,762.1,5000.0,608562913121772407
./SAT11/application/fuhs/slp-synthesis-AES/slp-synthesis-aes-bottom15.cnf,5000.469999999999,TIMEOUT,-1.0,5000.0,-6235188118690369795
./SAT11/application/fuhs/slp-synthesis-AES/slp-synthesis-aes-bottom16.cnf,5000.530000000001,TIMEOUT,-1.0,5000.0,8444902563667339995
./SAT11/application/fuhs/slp-synthesis-AES/slp-synthesis-aes-bottom17.cnf,5000.59,TIMEOUT,-1.0,5000.0,-7933386076510670319
./SAT11/application/fuhs/slp-synthesis-AES/slp-synthesis-aes-bottom18.cnf,5000.660000000001,TIMEOUT,-1.0,5000.0,-7645665351729447987
./SAT11/application/fuhs/slp-synthesis-AES/slp-synthesis-aes-bottom19.cnf,5000.74,TIMEOUT,-1.0,5000.0,-7933386076510670319
./SAT11/application/fuhs/slp-synthesis-AES/slp-synthesis-aes-bottom20.cnf,5000.82,TIMEOUT,-1.0,5000.0,5054758198659633498
./SAT11/application/fuhs/slp-synthesis-AES/slp-synthesis-aes-bottom21.cnf,5000.89,TIMEOUT,-1.0,5000.0,-7933386076510670319
./SAT11/application/fuhs/slp-synthesis-AES/slp-synthesis-aes-bottom22.cnf,5000.98,TIMEOUT,-1.0,5000.0,2786924714692239287
./SAT11/application/fuhs/slp-synthesis-AES/slp-synthesis-aes-bottom23.cnf,5001.07,TIMEOUT,-1.0,5000.0,4194590090307200765
./SAT11/application/fuhs/slp-synthesis-AES/slp-synthesis-aes-bottom24.cnf,5001.17,TIMEOUT,-1.0,5000.0,7416404520296027065
./SAT11/application/fuhs/slp-synthesis-AES/slp-synthesis-aes-bottom25.cnf,5001.259999999999,TIMEOUT,-1.0,5000.0,-6528621403689204227
./SAT11/application/fuhs/slp-synthesis-AES/slp-synthesis-aes-bottom26.cnf,5001.379999999999,TIMEOUT,-1.0,5000.0,-4027775615721584543
./SAT11/application/fuhs/slp-synthesis-AES/slp-synthesis-aes-top21.cnf,5000.81,TIMEOUT,-1.0,5000.0,8203728924191905834
./SAT11/application/fuhs/slp-synthesis-AES/slp-synthesis-aes-top22.cnf,5000.87,TIMEOUT,-1.0,5000.0,-6235188118690369795
./SAT11/application/fuhs/slp-synthesis-AES/slp-synthesis-aes-top23.cnf,5000.95,TIMEOUT,-1.0,5000.0,-4027775615721584543
./SAT11/application/fuhs/slp-synthesis-AES/slp-synthesis-aes-top24.cnf,5001.05,TIMEOUT,-1.0,5000.0,2592572846120767330
./SAT11/application/fuhs/slp-synthesis-AES/slp-synthesis-aes-top25.cnf,5001.129999999999,TIMEOUT,-1.0,5000.0,-5256861410025430760
./SAT11/application/fuhs/slp-synthesis-AES/slp-synthesis-aes-top26.cnf,5001.24,TIMEOUT,-1.0,5000.0,5054758198659633498
./SAT11/application/fuhs/slp-synthesis-AES/slp-synthesis-aes-top28.cnf,974.7669999999999,SAT,824.637,5000.0,6636215419512632035
./SAT11/application/fuhs/slp-synthesis-AES/slp-synthesis-aes-top29.cnf,310.18399999999997,SAT,145.214,5000.0,608562913121772407
./SAT11/application/fuhs/slp-synthesis-AES/slp-synthesis-aes-top30.cnf,288.951,SAT,137.091,5000.0,-5226192492700931734
./SAT11/application/jarvisalo/AAAI2010-SATPlanning/aaai10-planning-ipc5-TPP-21-step11.cnf,1118.252,UNSAT,940.782,5000.0,8444902563667339995
./SAT11/application/jarvisalo/AAAI2010-SATPlanning/aaai10-planning-ipc5-TPP-30-step11.cnf,32.6802,SAT,18.6802,5000.0,2786924714692239287
./SAT11/application/jarvisalo/AAAI2010-SATPlanning/aaai10-planning-ipc5-pathways-13-step17.cnf,268.151,UNSAT,179.191,5000.0,-5226192492700931734
./SAT11/application/jarvisalo/AAAI2010-SATPlanning/aaai10-planning-ipc5-pathways-17-step20.cnf,215.996,UNSAT,130.866,5000.0,2592572846120767330
./SAT11/application/jarvisalo/AAAI2010-SATPlanning/aaai10-planning-ipc5-pathways-17-step21.cnf,257.133,SAT,198.003,5000.0,-7645665351729447987
./SAT11/application/jarvisalo/AAAI2010-SATPlanning/aaai10-planning-ipc5-pipesworld-12-step15.cnf,181.9055,UNSAT,62.4455,5000.0,-4027775615721584543
./SAT11/application/jarvisalo/AAAI2010-SATPlanning/aaai10-planning-ipc5-pipesworld-12-step16.cnf,220.0503,SAT,70.3803,5000.0,-3689149885874063917
./SAT11/application/jarvisalo/AAAI2010-SATPlanning/aaai10-planning-ipc5-pipesworld-18-step15.cnf,11.9502,UNSAT,11.9502,5000.0,-7645665351729447987
./SAT11/application/jarvisalo/AAAI2010-SATPlanning/aaai10-planning-ipc5-pipesworld-18-step16.cnf,245.14550000000003,SAT,62.3655,5000.0,2786924714692239287
./SAT11/application/jarvisalo/AAAI2010-SATPlanning/aaai10-planning-ipc5-pipesworld-27-step13.cnf,1242.12,UNSAT,72.37,5000.0,-3689149885874063917
./SAT11/application/jarvisalo/AAAI2010-SATPlanning/aaai10-planning-ipc5-pipesworld-27-step14.cnf,1318.3890000000001,SAT,65.649,5000.0,-6528621403689204227
./SAT11/application/jarvisalo/AAAI2010-SATPlanning/aaai10-planning-ipc5-rovers-18-step11.cnf,9.09162,UNSAT,9.09162,5000.0,-3383464650046691410
./SAT11/application/jarvisalo/AAAI2010-SATPlanning/aaai10-planning-ipc5-rovers-18-step12.cnf,0.411936,SAT,0.411936,5000.0,8203728924191905834
./SAT11/application/jarvisalo/HWMCC10-combination-timeframe-expansion/hwmcc10-timeframe-expansion-k45-bc57sensorsp1-tseitin.cnf,1.3018,UNSAT,1.3018,5000.0,-5256861410025430760
./SAT11/application/jarvisalo/HWMCC10-combination-timeframe-expansion/hwmcc10-timeframe-expansion-k45-bobsm5378d2-tseitin.cnf,192.385,UNSAT,98.445,5000.0,-1356525691587036262
./SAT11/application/jarvisalo/HWMCC10-combination-timeframe-expansion/hwmcc10-timeframe-expansion-k45-bobsmhdlc2-tseitin.cnf,1345.77,UNSAT,1255.82,5000.0,-5226192492700931734
./SAT11/application/jarvisalo/HWMCC10-combination-timeframe-expansion/hwmcc10-timeframe-expansion-k45-pdtpmsgoodbakery-tseitin.cnf,336.006,UNSAT,228.606,5000.0,2592572846120767330
./SAT11/application/jarvisalo/HWMCC10-combination-timeframe-expansion/hwmcc10-timeframe-expansion-k45-pdtpmspalu-tseitin.cnf,5001.3,TIMEOUT,-1.0,5000.0,6910541927327031790
./SAT11/application/jarvisalo/HWMCC10-combination-timeframe-expansion/hwmcc10-timeframe-expansion-k45-pdtswvqis8x8p2-tseitin.cnf,2.49162,UNSAT,2.49162,5000.0,2320942285139127639
./SAT11/application/jarvisalo/HWMCC10-combination-timeframe-expansion/hwmcc10-timeframe-expansion-k45-pdtswvrod6x8p1-tseitin.cnf,6.42202,UNSAT,6.42202,5000.0,2786924714692239287
./SAT11/application/jarvisalo/HWMCC10-combination-timeframe-expansion/hwmcc10-timeframe-expansion-k45-pdtswvtms14x8p1-tseitin.cnf,3.64645,UNSAT,3.64645,5000.0,-7645665351729447987
./SAT11/application/jarvisalo/HWMCC10-combination-timeframe-expansion/hwmcc10-timeframe-expansion-k45-pdtviseisenberg1-tseitin.cnf,259.812,UNSAT,108.792,5000.0,4194590090307200765
./SAT11/application/jarvisalo/HWMCC10-combination-timeframe-expansion/hwmcc10-timeframe-expansion-k45-pdtvisns3p02-tseitin.cnf,5003.2699999999995,TIMEOUT,-1.0,5000.0,6636215419512632035
./SAT11/application/jarvisalo/HWMCC10-combination-timeframe-expansion/hwmcc10-timeframe-expansion-k45-pdtvissoap1-tseitin.cnf,1430.89,UNSAT,1275.22,5000.0,5054758198659633498
./SAT11/application/jarvisalo/HWMCC10-combination-timeframe-expansion/hwmcc10-timeframe-expansion-k50-bc57sensorsp2-tseitin.cnf,2.06069,UNSAT,2.06069,5000.0,-7645665351729447987
./SAT11/application/jarvisalo/HWMCC10-combination-timeframe-expansion/hwmcc10-timeframe-expansion-k50-bc57sensorsp3-tseitin.cnf,1.51877,UNSAT,1.51877,5000.0,-5226192492700931734
./SAT11/application/jarvisalo/HWMCC10-combination-timeframe-expansion/hwmcc10-timeframe-expansion-k50-bjrb07amba2andenv-tseitin.cnf,8.91764,UNSAT,8.91764,5000.0,-7968943266229492174
./SAT11/application/jarvisalo/HWMCC10-combination-timeframe-expansion/hwmcc10-timeframe-expansion-k50-eijkbs6669-tseitin.cnf,5002.37,TIMEOUT,-1.0,5000.0,-3689149885874063917
./SAT11/application/jarvisalo/HWMCC10-combination-timeframe-expansion/hwmcc10-timeframe-expansion-k50-nusmvreactorp4-tseitin.cnf,0.598908,UNSAT,0.598908,5000.0,6999467842776456081
./SAT11/application/jarvisalo/HWMCC10-combination-timeframe-expansion/hwmcc10-timeframe-expansion-k50-pdtpmsns2-tseitin.cnf,551.588,UNSAT,404.268,5000.0,4194590090307200765
./SAT11/application/jarvisalo/HWMCC10-combination-timeframe-expansion/hwmcc10-timeframe-expansion-k50-pdtswvsam6x8p3-tseitin.cnf,2.96355,UNSAT,2.96355,5000.0,-1356525691587036262
./SAT11/application/jarvisalo/HWMCC10-combination-timeframe-expansion/hwmcc10-timeframe-expansion-k50-pdtviseisenberg2-tseitin.cnf,25.6941,UNSAT,25.6941,5000.0,-7645665351729447987
./SAT11/application/jarvisalo/HWMCC10-combination-timeframe-expansion/hwmcc10-timeframe-expansion-k50-pdtvisns2p3-tseitin.cnf,5.72213,UNSAT,5.72213,5000.0,219620134796832001
./SAT11/application/jarvisalo/HWMCC10-combination-timeframe-expansion/hwmcc10-timeframe-expansion-k50-pdtvisns3p00-tseitin.cnf,5003.67,TIMEOUT,-1.0,5000.0,-7919635765974616107
./SAT11/application/jarvisalo/smtqfbv-aigs/smtlib-qfbv-aigs-VS3-benchmark-S2-tseitin.cnf,5003.9400000000005,TIMEOUT,-1.0,5000.0,4458074740849669383
./SAT11/application/jarvisalo/smtqfbv-aigs/smtlib-qfbv-aigs-bin_libmsrpc_vc1225336-tseitin.cnf,3.64545,SAT,3.64545,5000.0,6910541927327031790
./SAT11/application/jarvisalo/smtqfbv-aigs/smtlib-qfbv-aigs-bin_libsmbclient_vc1228502-tseitin.cnf,2.07668,SAT,2.07668,5000.0,-4027775615721584543
./SAT11/application/jarvisalo/smtqfbv-aigs/smtlib-qfbv-aigs-bin_libsmbsharemodes_vc5759-tseitin.cnf,3.08553,SAT,3.08553,5000.0,-1356525691587036262
./SAT11/application/jarvisalo/smtqfbv-aigs/smtlib-qfbv-aigs-countbits128-tseitin.cnf,4284.36,UNSAT,4229.32,5000.0,8444902563667339995
./SAT11/application/jarvisalo/smtqfbv-aigs/smtlib-qfbv-aigs-ext_con_032_008_0256-tseitin.cnf,5000.450000000001,TIMEOUT,-1.0,5000.0,9196978333973276934
./SAT11/application/jarvisalo/smtqfbv-aigs/smtlib-qfbv-aigs-lfsr_004_127_112-tseitin.cnf,19.65015,UNSAT,5.61015,5000.0,608562913121772407
./SAT11/application/jarvisalo/smtqfbv-aigs/smtlib-qfbv-aigs-lfsr_008_063_080-tseitin.cnf,10.5264,UNSAT,10.5264,5000.0,6636215419512632035
./SAT11/application/jarvisalo/smtqfbv-aigs/smtlib-qfbv-aigs-lfsr_008_079_112-tseitin.cnf,1195.7496,UNSAT,29.0396,5000.0,-1356525691587036262
./SAT11/application/jarvisalo/smtqfbv-aigs/smtlib-qfbv-aigs-nlzbe256-tseitin.cnf,40.565,UNSAT,26.565,5000.0,2786924714692239287
./SAT11/application/jarvisalo/smtqfbv-aigs/smtlib-qfbv-aigs-rfunit_flat-64-tseitin.cnf,21.4417,SAT,21.4417,5000.0,4458074740849669383
./SAT11/application/jarvisalo/smtqfbv-aigs/smtlib-qfbv-aigs-servers_slapd_a_vc149789-tseitin.cnf,1246.6399999999999,SAT,1051.6,5000.0,608562913121772407
./SAT11/application/jarvisalo/smtqfbv-aigs/smtlib-qfbv-aigs-src_wget_vc18517-tseitin.cnf,1.3058,SAT,1.3058,5000.0,8444902563667339995
./SAT11/application/kullmann/AES/Benchmarks/128/aes_128_10_keyfind_1.cnf,5000.29,TIMEOUT,-1.0,5000.0,-1356525691587036262
./SAT11/application/kullmann/AES/Benchmarks/128/aes_128_1_keyfind_1.cnf,5000.02,TIMEOUT,-1.0,5000.0,6895995071321722072
./SAT11/application/kullmann/AES/Benchmarks/128/aes_128_2_keyfind_1.cnf,5000.05,TIMEOUT,-1.0,5000.0,4458074740849669383
./SAT11/application/kullmann/AES/Benchmarks/128/aes_128_3_keyfind_1.cnf,5000.09,TIMEOUT,-1.0,5000.0,-3689149885874063917
./SAT11/application/kullmann/AES/Benchmarks/32/aes_32_1_keyfind_1.cnf,0.024995,SAT,0.024995,5000.0,219620134796832001
./SAT11/application/kullmann/AES/Benchmarks/32/aes_32_2_keyfind_1.cnf,14.7708,SAT,14.7708,5000.0,4458074740849669383
./SAT11/application/kullmann/AES/Benchmarks/32/aes_32_3_keyfind_1.cnf,5000.0,TIMEOUT,-1.0,5000.0,5054758198659633498
./SAT11/application/kullmann/AES/Benchmarks/32/aes_32_4_keyfind_1.cnf,5000.01,TIMEOUT,-1.0,5000.0,219620134796832001
./SAT11/application/kullmann/AES/Benchmarks/32/aes_32_5_keyfind_1.cnf,5000.01,TIMEOUT,-1.0,5000.0,4194590090307200765
./SAT11/application/kullmann/AES/Benchmarks/64/aes_64_1_keyfind_1.cnf,3112.56,SAT,3033.57,5000.0,-4027775615721584543
./SAT11/application/kullmann/AES/Benchmarks/64/aes_64_2_keyfind_1.cnf,5000.0,TIMEOUT,-1.0,5000.0,4458074740849669383
./SAT11/application/kullmann/AES/Benchmarks/64/aes_64_3_keyfind_1.cnf,5000.01,TIMEOUT,-1.0,5000.0,-5226192492700931734
./SAT11/application/kullmann/AES/Benchmarks/64/aes_64_4_keyfind_1.cnf,5000.01,TIMEOUT,-1.0,5000.0,219620134796832001
./SAT11/application/leberre/2dimensionalstrippacking/E00N23.cnf,4882.849999999999,UNSAT,4487.98,5000.0,-7645665351729447987
./SAT11/application/leberre/2dimensionalstrippacking/E00X23.cnf,5041.28,TIMEOUT,-1.0,5000.0,6910541927327031790
./SAT11/application/leberre/2dimensionalstrippacking/E02F17.cnf,166.6042,UNSAT,18.3542,5000.0,-4027775615721584543
./SAT11/application/leberre/2dimensionalstrippacking/E02F20.cnf,236.72319999999996,SAT,97.6432,5000.0,219620134796832001
./SAT11/application/leberre/2dimensionalstrippacking/E02F22.cnf,437.846,SAT,235.336,5000.0,-6528621403689204227
./SAT11/application/leberre/2dimensionalstrippacking/E03N17.cnf,2.53961,UNSAT,2.53961,5000.0,2320942285139127639
./SAT11/application/leberre/2dimensionalstrippacking/E04F19.cnf,23.63553,SAT,9.63553,5000.0,6895995071321722072
./SAT11/application/leberre/2dimensionalstrippacking/E04F20.cnf,153.8746,SAT,29.1446,5000.0,-5226192492700931734
./SAT11/application/leberre/2dimensionalstrippacking/E04N18.cnf,1.00585,UNSAT,1.00585,5000.0,-7645665351729447987
./SAT11/application/leberre/2dimensionalstrippacking/E05F18.cnf,11.2993,SAT,11.2993,5000.0,608562913121772407
./SAT11/application/leberre/2dimensionalstrippacking/E05F20.cnf,263.798,SAT,117.368,5000.0,219620134796832001
./SAT11/application/leberre/2dimensionalstrippacking/E05X15.cnf,21.30089,UNSAT,7.30089,5000.0,6910541927327031790
./SAT11/application/leberre/2dimensionalstrippacking/E07N15.cnf,0.030994,UNSAT,0.030994,5000.0,6895995071321722072
./SAT11/application/leberre/2dimensionalstrippacking/E15N15.cnf,0.082986,UNSAT,0.082986,5000.0,5054758198659633498
./SAT11/application/leberre/2dimensionalstrippacking/korf-15.cnf,18.9001,UNSAT,18.9001,5000.0,2592572846120767330
./SAT11/application/leberre/2dimensionalstrippacking/korf-17.cnf,856.992,UNSAT,712.342,5000.0,8203728924191905834
./SAT11/application/leberre/2dimensionalstrippacking/korf-18.cnf,5000.9,TIMEOUT,-1.0,5000.0,5054758198659633498
./SAT11/application/manthey/traffic/traffic_3_uc_sat.cnf,786.3779999999999,SAT,587.608,5000.0,7416404520296027065
./SAT11/application/manthey/traffic/traffic_3b_unknown.cnf,438.14,UNSAT,327.56,5000.0,-6528621403689204227
./SAT11/application/manthey/traffic/traffic_b_unsat.cnf,274.303,UNSAT,107.463,5000.0,-6235188118690369795
./SAT11/application/manthey/traffic/traffic_f_unknown.cnf,345.615,UNSAT,205.385,5000.0,-2129942261955218235
./SAT11/application/manthey/traffic/traffic_fb_unknown.cnf,268.17690000000005,UNSAT,99.5369,5000.0,-7968943266229492174
./SAT11/application/manthey/traffic/traffic_kkb_unknown.cnf,343.654,UNSAT,204.404,5000.0,608562913121772407
./SAT11/application/manthey/traffic/traffic_pcb_unknown.cnf,337.172,UNSAT,182.872,5000.0,2592572846120767330
./SAT11/application/manthey/traffic/traffic_r_sat.cnf,17.8713,SAT,17.8713,5000.0,8203728924191905834
./SAT11/application/manthey/traffic/traffic_r_uc_sat.cnf,1288.11,SAT,590.21,5000.0,-5226192492700931734
./SAT11/application/rintanen/SATPlanning/blocks-blocks-36-0.120-NOTKNOWN.cnf,1860.79,UNSAT,1314.48,5000.0,5054758198659633498
./SAT11/application/rintanen/SATPlanning/blocks-blocks-36-0.160-NOTKNOWN.cnf,995.2835999999999,SAT,74.8536,5000.0,-7968943266229492174
./SAT11/application/rintanen/SATPlanning/blocks-blocks-36-0.170-NOTKNOWN.cnf,1154.2783,SAT,70.4183,5000.0,-6235188118690369795
./SAT11/application/rintanen/SATPlanning/blocks-blocks-36-0.180-SAT.cnf,62.3806,SAT,48.3806,5000.0,-6235188118690369795
./SAT11/application/rintanen/SATPlanning/blocks-blocks-37-1.120-NOTKNOWN.cnf,654.1196,UNSAT,81.8296,5000.0,-7933386076510670319
./SAT11/application/rintanen/SATPlanning/blocks-blocks-37-1.130-NOTKNOWN.cnf,1317.936,UNSAT,675.016,5000.0,5054758198659633498
./SAT11/application/rintanen/SATPlanning/blocks-blocks-37-1.150-SAT.cnf,25.5231,SAT,25.5231,5000.0,-3383464650046691410
./SAT11/application/rintanen/SATPlanning/grid-strips-grid-y-3.035-NOTKNOWN.cnf,497.605,UNSAT,229.485,5000.0,-6235188118690369795
./SAT11/application/rintanen/SATPlanning/grid-strips-grid-y-4.025-NOTKNOWN.cnf,12.871,UNSAT,12.871,5000.0,-7919635765974616107
./SAT11/application/rintanen/SATPlanning/openstacks-sequencedstrips-nonadl-nonnegated-os-sequencedstrips-p30_1.025-NOTKNOWN.cnf,5001.29,TIMEOUT,-1.0,5000.0,-2129942261955218235
./SAT11/application/rintanen/SATPlanning/openstacks-sequencedstrips-nonadl-nonnegated-os-sequencedstrips-p30_1.035-NOTKNOWN.cnf,5002.120000000001,TIMEOUT,-1.0,5000.0,4194590090307200765
./SAT11/application/rintanen/SATPlanning/openstacks-sequencedstrips-nonadl-nonnegated-os-sequencedstrips-p30_1.045-NOTKNOWN.cnf,5002.92,TIMEOUT,-1.0,5000.0,-6528621403689204227
./SAT11/application/rintanen/SATPlanning/openstacks-sequencedstrips-nonadl-nonnegated-os-sequencedstrips-p30_3.025-NOTKNOWN.cnf,5001.3,TIMEOUT,-1.0,5000.0,6910541927327031790
./SAT11/application/rintanen/SATPlanning/openstacks-sequencedstrips-nonadl-nonnegated-os-sequencedstrips-p30_3.035-NOTKNOWN.cnf,5002.129999999999,TIMEOUT,-1.0,5000.0,-3383464650046691410
./SAT11/application/rintanen/SATPlanning/openstacks-sequencedstrips-nonadl-nonnegated-os-sequencedstrips-p30_3.045-NOTKNOWN.cnf,5002.950000000001,TIMEOUT,-1.0,5000.0,-7933386076510670319
./SAT11/application/rintanen/SATPlanning/openstacks-sequencedstrips-nonadl-nonnegated-os-sequencedstrips-p30_3.085-SAT.cnf,24.395400000000002,SAT,10.3954,5000.0,-7968943266229492174
./SAT11/application/rintanen/SATPlanning/sokoban-sequential-p145-microban-sequential.030-NOTKNOWN.cnf,125.8647,UNSAT,28.4647,5000.0,9196978333973276934
./SAT11/application/rintanen/SATPlanning/sokoban-sequential-p145-microban-sequential.040-NOTKNOWN.cnf,808.627,UNSAT,689.057,5000.0,-3689149885874063917
./SAT11/application/rintanen/SATPlanning/sokoban-sequential-p145-microban-sequential.050-NOTKNOWN.cnf,1481.17,SAT,1309.74,5000.0,6999467842776456081
./SAT11/application/rintanen/SATPlanning/sokoban-sequential-p145-microban-sequential.060-NOTKNOWN.cnf,4831.34,SAT,4689.93,5000.0,-2129942261955218235
./SAT11/application/rintanen/SATPlanning/sokoban-sequential-p145-microban-sequential.070-NOTKNOWN.cnf,5005.88,TIMEOUT,-1.0,5000.0,-7933386076510670319
./SAT11/application/rintanen/SATPlanning/sokoban-sequential-p145-microban-sequential.080-SAT.cnf,5007.01,TIMEOUT,-1.0,5000.0,-4027775615721584543
./SAT11/application/rintanen/SATPlanning/transport-transport-city-sequential-25nodes-1000size-3degree-100mindistance-3trucks-10packages-2008seed.060-SAT.cnf,1039.983,SAT,142.353,5000.0,608562913121772407
./SAT11/application/rintanen/SATPlanning/transport-transport-city-sequential-35nodes-1000size-4degree-100mindistance-4trucks-14packages-2008seed.030-NOTKNOWN.cnf,5011.72,TIMEOUT,-1.0,5000.0,-7645665351729447987
./SAT11/application/rintanen/SATPlanning/transport-transport-city-sequential-35nodes-1000size-4degree-100mindistance-4trucks-14packages-2008seed.040-NOTKNOWN.cnf,3873.75,SAT,1744.1,5000.0,-7968943266229492174
./SAT11/application/rintanen/SATPlanning/transport-transport-city-sequential-35nodes-1000size-4degree-100mindistance-4trucks-14packages-2008seed.050-SAT.cnf,5020.75,TIMEOUT,-1.0,5000.0,-3383464650046691410
./SAT11/application/rintanen/SATPlanning/transport-transport-three-cities-sequential-14nodes-1000size-4degree-100mindistance-4trucks-14packages-2008seed.020-NOTKNOWN.cnf,5008.67,TIMEOUT,-1.0,5000.0,2320942285139127639
./SAT11/application/rintanen/SATPlanning/transport-transport-three-cities-sequential-14nodes-1000size-4degree-100mindistance-4trucks-14packages-2008seed.030-NOTKNOWN.cnf,5018.86,TIMEOUT,-1.0,5000.0,9196978333973276934
./SAT11/application/rintanen/SATPlanning/transport-transport-three-cities-sequential-14nodes-1000size-4degree-100mindistance-4trucks-14packages-2008seed.040-NOTKNOWN.cnf,5020.26,TIMEOUT,-1.0,5000.0,-3383464650046691410
./SAT11/application/rintanen/SATPlanning/transport-transport-two-cities-sequential-15nodes-1000size-3degree-100mindistance-3trucks-10packages-2008seed.040-SAT.cnf,1076.481,SAT,538.231,5000.0,219620134796832001
SAT-Race-2010-CNF/cryptography/mizh/md5_48_3.cnf,127.2131,SAT,45.0831,5000.0,8444902563667339995
SAT-Race-2010-CNF/cryptography/mizh/sha0_36_5.cnf,834.409,SAT,729.329,5000.0,6910541927327031790
SAT-Race-2010-CNF/hardware-verification/manolios/c10idw_i.cnf,32.3191,UNSAT,32.3191,5000.0,7416404520296027065
SAT-Race-2010-CNF/hardware-verification/velev/11pipe_11_ooo.cnf,2435.5899999999997,UNSAT,2209.49,5000.0,6636215419512632035
SAT-Race-2010-CNF/hardware-verification/velev/11pipe_k.cnf,963.973,UNSAT,604.533,5000.0,-4027775615721584543
SAT-Race-2010-CNF/hardware-verification/velev/1dlx_c_iq57_a.cnf,1781.2640000000001,UNSAT,887.954,5000.0,7416404520296027065
SAT-Race-2010-CNF/hardware-verification/velev/1dlx_c_iq60_a.cnf,2568.02,UNSAT,1478.14,5000.0,4458074740849669383
SAT-Race-2010-CNF/hardware-verification/velev/2dlx_ca_bp_f_liveness.cnf,5024.6,TIMEOUT,-1.0,5000.0,2320942285139127639
SAT-Race-2010-CNF/software-verification/nec/hard-18-U-10652.cnf,8.73667,UNSAT,8.73667,5000.0,-2129942261955218235
SAT-Race-2010-CNF/software-verification/nec/hard-25-U-7061.cnf,12.2601,UNSAT,12.2601,5000.0,-3689149885874063917
SAT-Race-2010-CNF/software-verification/nec/hard-6-U-7061.cnf,4.02839,UNSAT,4.02839,5000.0,7416404520296027065
SAT_RACE06/ibm-2002-21r-k95.cnf,17.7973,SAT,17.7973,5000.0,-7933386076510670319
SAT_RACE06/velev-npe-1.0-9dlx-b71.cnf,82.5706,SAT,22.1306,5000.0,6999467842776456081
SAT_RACE06/velev-pipe-o-uns-1.0-7.cnf,228.7237,UNSAT,87.3537,5000.0,9196978333973276934
SAT_RACE06/velev-pipe-o-uns-1.1-6.cnf,11.3553,UNSAT,11.3553,5000.0,-7919635765974616107
SAT_RACE06/velev-pipe-sat-1.0-b9.cnf,11.9372,SAT,11.9372,5000.0,8203728924191905834
SAT_RACE08/Q1/SAT_dat.k80_04.cnf,31.5243,SAT,17.5243,5000.0,-5226192492700931734
SAT_RACE08/Q1/SAT_dat.k85.cnf,549.819,SAT,412.799,5000.0,-7919635765974616107
SAT_RACE08/cnf/ibm-2002-30r-k85.cnf,54.0569,SAT,40.0569,5000.0,-5256861410025430760
SAT_RACE08/cnf/ibm-2004-01-k90.cnf,32.9221,SAT,18.9221,5000.0,-4027775615721584543
SAT_RACE08/cnf/ibm-2004-23-k100.cnf,327.303,SAT,153.903,5000.0,2786924714692239287
SAT_RACE08/cnf/manol-pipe-c10nidw.cnf,444.842,UNSAT,321.902,5000.0,-6235188118690369795
SAT_RACE08/cnf/manol-pipe-c6bidw_i.cnf,29.6375,UNSAT,29.6375,5000.0,6636215419512632035
SAT_RACE08/cnf/manol-pipe-f7nidw.cnf,59.824,UNSAT,45.824,5000.0,219620134796832001
SAT_RACE08/cnf/mizh-sha0-36-4.cnf,867.615,SAT,776.475,5000.0,9196978333973276934
SAT_RACE08/cnf/velev-vliw-uns-4.0-9-i1.cnf,1426.93,UNSAT,1100.02,5000.0,6636215419512632035
